指标名称,中国:产量:动力煤:当月值,中国:产量:炼焦煤:当月值,中国:产量:原煤:当月值,中国:产量:原煤:当月同比
2013-01-31,23555.0,4301.0,31000.0,21.1
2013-02-28,20134.0,3403.75,24000.0,-7.34
2013-03-31,23206.0,5036.51,29000.0,-1.69
2013-04-30,22415.0,5588.27,30500.0,-4.83
2013-05-31,22721.0,4538.07,30700.0,-6.34
2013-06-30,22705.0,4892.79,30400.0,-6.3
2013-07-31,23806.0,5088.48,30000.0,-3.2
2013-08-31,24266.0,4775.15,30000.0,-2.3
2013-09-30,24239.0,4870.48,31500.0,0.0
2013-10-31,24326.0,4986.42,32000.0,1.6
2013-11-30,25086.0,4768.42,33000.0,2.5
2013-12-31,25847.0,4886.89,,
2014-01-31,,4049.02,29000.0,-6.5
2014-02-28,,4721.88,24500.0,2.1
2014-03-31,23174.0,5716.34,30500.0,3.4
2014-04-30,22871.0,4454.28,30100.0,-1.3
2014-05-31,22493.0,4447.22,30000.0,-2.3
2014-06-30,22044.0,4444.65,29800.0,-2.0
2014-07-31,22279.0,4913.89,30100.0,-1.6
2014-08-31,22354.0,4922.42,30200.0,-0.98
2014-09-30,21603.0,4810.38,29200.0,-7.0
2014-10-31,21529.0,4868.81,29100.0,-8.5
2014-11-30,25905.0,3815.04,33000.0,-4.9
2014-12-31,28722.0,4361.5,,
2015-01-31,23996.4,3380.0,29000.0,0.0
2015-02-28,19999.0,2957.5,24000.0,-7.7
2015-03-31,25037.0,4754.0,30559.2,-7.6
2015-04-30,24888.0,3845.96,29801.7,-7.4
2015-05-31,25183.0,4401.6,30938.5,-6.1
2015-06-30,26750.0,4530.14,32671.9,-4.9
2015-07-31,26555.0,3823.5,30665.9,-3.1
2015-08-31,25199.0,4120.5,30862.9,-2.6
2015-09-30,25702.0,4015.0,31268.1,-2.2
2015-10-31,26018.3,4146.5,31694.6,-1.2
2015-11-30,26287.0,4184.5,32022.9,-2.7
2015-12-31,27094.0,4064.0,31658.9,-0.3
2016-01-31,23672.0,3629.5,,
2016-02-29,18346.0,2594.0,,
2016-03-31,23959.0,4420.5,29379.7776,-4.54
2016-04-30,22103.0,3204.5,26803.2,-11.0
2016-05-31,21665.0,3467.5,26375.1,-15.5
2016-06-30,22776.0,3652.5,27754.3,-16.6
2016-07-31,22227.0,3479.5,27000.7,-13.1
2016-08-31,22976.0,3589.5,27808.9,-11.0
2016-09-30,22874.0,3544.0,27696.4,-12.3
2016-10-31,23724.0,3849.5,28185.2,-12.0
2016-11-30,25433.0,4069.5,30800.7,-5.1
2016-12-31,25662.0,4092.0,31097.7,-3.0
2017-01-31,21317.0,2973.09,,
2017-02-28,20481.0,2908.06,,
2017-03-31,25152.0,4010.91,29976.3,1.9
2017-04-30,24783.0,4018.35,29453.0,9.9
2017-05-31,24581.0,4101.89,29778.0,12.1
2017-06-30,24054.0,4129.51,30835.0,10.6
2017-07-31,24103.0,3740.84,29438.0,8.5
2017-08-31,24242.0,3719.03,29077.0,4.1
2017-09-30,24318.0,3715.44,29812.0,7.6
2017-10-31,23503.0,3423.23,28354.0,1.5
2017-11-30,24825.0,3885.39,29998.0,-2.7
2017-12-31,26020.0,3895.54,31487.0,1.1
2018-01-31,23104.0,3344.82,,
2018-02-28,19688.0,2712.5,,
2018-03-31,24048.0,4120.5,29021.8,1.3
2018-04-30,24166.0,3732.0,29329.7,4.1
2018-05-31,25016.0,3630.5,29699.0,3.5
2018-06-30,24443.0,3806.0,29801.7,1.7
2018-07-31,23164.0,3502.5,28150.4,-2.0
2018-08-31,25056.0,3498.0,29660.2,4.2
2018-09-30,26564.0,3751.5,30601.3,5.2
2018-10-31,25508.0,3547.0,30513.1,8.0
2018-11-30,26705.0,3845.0,31541.5,4.5
2018-12-31,28531.0,3975.0,32038.3,2.1
2019-01-31,24501.0,3650.5,,
2019-02-28,19277.0,2674.5,,
2019-03-31,25043.0,4259.5,29835.3,2.7
2019-04-30,24456.0,3783.0,29429.0,0.1
2019-05-31,25907.0,4378.0,31239.4,3.5
2019-06-30,27803.0,4406.0,33335.0,10.4
2019-07-31,27445.0,4007.5,32222.7,12.2
2019-08-31,26664.0,3963.0,31602.0,5.0
2019-09-30,27431.0,3884.0,32414.1,4.4
2019-10-31,27280.0,4029.0,32486.8,4.4
2019-11-30,28266.0,4214.5,33405.7,4.5
2019-12-31,28395.0,4004.5,33174.2,2.4
2020-01-31,21907.0,2995.5,,
2020-02-29,18418.0,2705.0,,
2020-03-31,28163.0,5056.5,33726.0,9.6
2020-04-30,26710.0,3916.5,32212.1,6.0
2020-05-31,26401.0,3890.5,31884.0,-0.1
2020-06-30,27621.0,4379.0,33427.6,-1.2
2020-07-31,26110.0,4070.5,31794.1,-3.7
2020-08-31,26997.0,4280.5,32580.9,-0.1
2020-09-30,27891.0,4291.5,33107.3,-0.9
2020-10-31,28265.0,4226.0,33662.8,1.4
2020-11-30,29264.0,4385.0,34727.3,1.5
2020-12-31,30207.0,4422.0,35189.3,3.2
2021-01-31,28428.0,4198.0,,
2021-02-28,22886.0,3012.0,,
2021-03-31,29430.0,4665.0,34076.2,-0.2
2021-04-30,26856.0,3902.0,32221.7,-1.8
2021-05-31,27035.0,4142.0,32628.9,0.6
2021-06-30,27193.0,4047.0,32318.6,-5.0
2021-07-31,26000.0,3757.5,31417.0,-3.3
2021-08-31,27820.0,4332.5,33524.0,0.8
2021-09-30,27747.0,3999.5,33409.8,-0.9
2021-10-31,30826.0,4326.5,35708.9,4.0
2021-11-30,31789.0,4356.0,37084.4,4.6
2021-12-31,33902.0,4206.0,38466.8,7.2
2022-01-31,30697.0,4137.0,,
2022-02-28,26596.0,3300.0,,
2022-03-31,33229.0,4889.0,39579.5,14.8
2022-04-30,29742.0,3901.0,36279.6,10.7
2022-05-31,29999.0,4153.5,36783.3,10.3
2022-06-30,30808.0,4405.5,37931.3,15.3
2022-07-31,30197.0,3958.5,37266.3,16.1
2022-08-31,30186.0,3951.5,37044.0,8.1
2022-09-30,31783.0,4298.5,38671.8,12.3
2022-10-31,30456.0,3921.5,37009.5,1.2
2022-11-30,33602.0,4177.0,39130.6,3.1
2022-12-31,33212.0,4083.0,40269.3,2.4
2023-01-31,30217.0,3854.0,,
2023-02-28,30248.0,3832.5,,
2023-03-31,34464.0,4862.5,41722.4503,4.3364
2023-04-30,30626.0,3889.5,38145.0,4.5
2023-05-31,30177.0,4334.0,38545.6,4.2
2023-06-30,30544.0,4132.0,39009.3451,2.4808
2023-07-31,29120.0,4021.0,37754.2,0.1
2023-08-31,30288.0,4004.5,38217.4127,2.0452
2023-09-30,31333.0,4209.0,39297.9,0.4
2023-10-31,31208.0,3973.0,38875.3,3.8
2023-11-30,34092.0,3973.0,41400.0,4.6
2023-12-31,35118.0,3949.0,41430.6585,1.8723
2024-01-31,30923.0,3667.0,,
2024-02-29,27741.0,3319.0,,
2024-03-31,33596.0,3845.0,39933.3,-4.2
2024-04-30,30897.0,3595.0,37166.5,-2.9
2024-05-31,31731.0,3973.0,38385.3,-0.8
2024-06-30,33079.0,4274.29,40538.2,3.6097
2024-07-31,,,39036.6,2.7734
